{
  "$schema": "http://adaptivecards.io/schemas/adaptive-card.json",
  "type": "AdaptiveCard",
  "version": "1.0",
  "body": [
    {
      "type": "Image",
      "url": "https://static.vecteezy.com/system/resources/previews/021/743/109/original/cute-smiling-robot-virtual-assistant-in-your-device-future-robotic-technology-artificial-intelligence-mascot-ai-chat-bot-vector.jpg",
      "size": "stretch"
    },
    {
      "type": "TextBlock",
      "spacing": "medium",
      "size": "default",
      "weight": "bolder",
      "text": "Welcome to Flight Booking Assistant",
      "wrap": true,
      "maxLines": 0
    },
    {
      "type": "TextBlock",
      "size": "default",
      "isSubtle": true,
      "text": "Fell free to ask any question",
      "wrap": true,
      "maxLines": 0
    }
  ],
  "actions": [
    {
      "type": "Action.OpenUrl",
      "title": "Get an overview",
      "url": "https://docs.microsoft.com/en-us/azure/bot-service/?view=azure-bot-service-4.0"
    },
    {
      "type": "Action.OpenUrl",
      "title": "Ask a question",
      "url": "https://stackoverflow.com/questions/tagged/botframework"
    },
    {
      "type": "Action.OpenUrl",
      "title": "Learn how to deploy",
      "url": "https://docs.microsoft.com/en-us/azure/bot-service/bot-builder-howto-deploy-azure?view=azure-bot-service-4.0"
    }
  ]
}
